{
    "version": 1,
    "date_of_update": "05/24/2021 17:48:37.76",
    "data": [
        {
            "rule": 1,
            "status": "ON",
            "label": "IO HALTED",
            "description": "There is no IO observed for 15 seconds continously.",
            "custom_query": "NA",
            "query": {
                "filter": {
                    "metric": "iops",
                    "operator": "<=",
                    "threshold": "0"
                },
                "grouping": {
                    "constraint": "consecutive",
                    "interval": "15 s"
                }
            }
        },
        {
            "rule": 2,
            "status": "ON",
            "label": "LATENCY OVERSHOT",
            "description": "At least one request has latency more than 30 seconds.",
            "custom_query": "NA",
            "query": {
                "filter": {
                    "metric": "latency",
                    "operator": ">",
                    "threshold": "30000 ms"
                },
                "grouping": {
                    "constraint": "any",
                    "interval": "NA"
                }
            }
        }
    ],
    "logs": [
        {
            "rule": 1,
            "status": "ON",
            "label": "LOG ERROR FOUND",
            "description": "Error related keywords occured at least 3 times.",
            "custom_query": "NA",
            "query": {
                "filter": {
                    "keyword": "(error|fail|unsuccessful|stderr)",
                    "operator": "=~"
                },
                "grouping": {
                    "constraint": "any",
                    "interval": 3
                }
            }
        }
    ]
}