{
  "defaultSeverity": "warning",
  "extends": ["tslint:recommended"],
  "linterOptions": {
    "exclude": ["node_modules/**", "src/common/*.json"]
  },
  "rules": {
    "trailing-comma": false,
    "indent": [true, "spaces", 2],
    "interface-name": false,
    "no-consecutive-blank-lines": false,
    "object-literal-sort-keys": false,
    "ordered-imports": false,
    "variable-name": {
      "options": ["allow-snake-case"]
    },
    "quotemark": [true, "double"],
    "array-type": [true, "array"],
    "arrow-parens": false,
    "max-classes-per-file": [false, 1]
  }
}
